,Model,F1,Recall,Precision,Accuracy
0,Tuned Decision Tree,0.5606550690451619,0.46925533054751956,0.7016083898068596,0.8503999999999999
