Model,F1,Recall,Precision,Accuracy
Random Forest Validated,0.5755102040816326,0.46078431372549017,0.7663043478260869,0.8613333333333333
Random Forest CV,0.580528563620339,0.4725168756027,0.756289051065107,0.8613333333333333
Tuned Decision Tree,0.5606550690451619,0.4692553305475195,0.7016083898068596,0.8503999999999999
